chrom,start,end,gene,feature_name
chr1,1163599,1163832,C1orf159_TTLL10,TMD_1
chr1,2443865,2444245,PEX10_PLCH2,TMD_2
chr1,2789325,2789609,ACTRT2_MMEL1,TMD_3
chr1,2789723,2790126,ACTRT2_MMEL1,TMD_4
chr1,6064999,6065249,KCNAB2_CHD5,TMD_5
chr1,7668718,7668819,VAMP3_CAMTA1,TMD_6
chr1,7668966,7668971,VAMP3_CAMTA1,TMD_7
chr1,9317873,9318231,SLC25A33_SPSB1,TMD_8
chr1,15345942,15346246,EFHD2_TMEM51,TMD_9
chr1,29259675,29260134,PTPRU,TMD_10
chr1,37475577,37475796,ZC3H12A_MEAF6,TMD_11
chr1,43550045,43550255,KDM4A_PTPRF,TMD_12
chr1,47708297,47708484,FOXD2_TRABD2B,TMD_13
chr1,50416318,50416483,DMRTA2_ELAVL4,TMD_14
chr1,50418877,50419478,DMRTA2_ELAVL4,TMD_15
chr1,50419666,50419798,DMRTA2_ELAVL4,TMD_16
chr1,63320169,63320413,FOXD3,TMD_17
chr1,67559431,67559622,SERBP1_GADD45A,TMD_18
chr1,90717886,90718030,BARHL2,TMD_19
chr1,109792189,109792254,CSF1_EPS8L3,TMD_20
chr1,109792367,109792397,CSF1_EPS8L3,TMD_21
chr1,110069838,110070192,ALX3,TMD_22
chr1,110083552,110083775,UBL4B_ALX3,TMD_23
chr1,111270865,111271077,CHIA_CHI3L2,TMD_24
chr1,111271216,111271381,CHIA_CHI3L2,TMD_25
chr1,118979744,118979926,SPAG17_TBX15,TMD_26
chr1,118984362,118984632,SPAG17_TBX15,TMD_27
chr1,118990070,118990360,TBX15,TMD_28
chr1,118993059,118993286,TBX15,TMD_29
chr1,148808424,148808612,ENSG00000255168_PDE4DIP,TMD_30
chr1,145871997,145872290,PIAS3_ITGA10,TMD_31
chr1,155295211,155295696,PKLR_HCN3,TMD_32
chr1,156122596,156122849,SEMA4A_LMNA,TMD_33
chr1,156436615,156436840,C1orf61_MEF2D,TMD_34
chr1,156642049,156642306,BCAN,TMD_35
chr1,161069183,161069244,ARHGAP30,TMD_36
chr1,166921155,166921374,TADA1_ILDR2,TMD_37
chr1,220876745,220876918,HLX,TMD_38
chr1,220877030,220877266,HLX,TMD_39
chr1,237042230,237042430,RYR2,TMD_40
chr1,237042609,237042936,RYR2,TMD_41
chr1,239997847,239998011,FMN2_CHRM3,TMD_42
chr1,239998124,239998259,FMN2_CHRM3,TMD_43
chr1,247857256,247857693,TRIM58,TMD_44
chr10,509413,509519,DIP2C_ZMYND11,TMD_45
chr10,3472562,3472635,PITRM1_KLF6,TMD_46
chr10,7407762,7407965,PRKCQ_SFMBT2,TMD_47
chr10,7413140,7413280,SFMBT2,TMD_48
chr10,8052248,8052385,GATA3,TMD_49
chr10,23191669,23191912,PTF1A,TMD_50
chr10,27745381,27745577,MKX,TMD_51
chr10,27745715,27745928,MKX,TMD_52
chr10,70560556,70560867,PRF1_PALD1,TMD_53
chr10,72318365,72318398,DNAJB12_DDIT4,TMD_54
chr10,72450476,72450539,DNAJB12_MICU1,TMD_55
chr10,92692207,92692364,EXOC6_HHEX,TMD_56
chr10,93062579,93063009,CYP26A1_CYP26C1,TMD_57
chr10,93068345,93068620,CYP26A1_CYP26C1,TMD_58
chr10,97321084,97321318,FRAT1_FRAT2,TMD_59
chr10,101140065,101140385,TLX1_LBX1,TMD_60
chr10,101284337,101284644,BTRC_LBX1,TMD_61
chr10,107164022,107164546,SORCS1,TMD_62
chr10,108912398,108912568,NONE,TMD_63
chr10,122163615,122163857,PLEKHA1_TACC2,TMD_64
chr10,122164217,122164660,PLEKHA1_TACC2,TMD_65
chr10,123145980,123146613,HMX2,TMD_66
chr10,123151236,123151480,BUB3,TMD_67
chr10,124447401,124447594,OAT_NKX1-2,TMD_68
chr10,127736442,127736649,FOXI2,TMD_69
chr10,128934041,128934243,MKI67_MGMT,TMD_70
chr10,129415181,129415505,MGMT,TMD_71
chr10,129425147,129425366,MGMT,TMD_72
chr10,17229289,17229505,VIM,TMD_73
chr10,129467252,129467332,MGMT,TMD_74
chr10,91633125,91633224,PPP1R3C,TMD_75
chr10,86924203,86924324,BMPR1A,TMD_76
chr10,17453751,17453872,ST8SIA6,TMD_77
chr10,17454616,17454782,ST8SIA6,TMD_78
chr11,280945,281044,ATHL1_NLRP6,TMD_79
chr11,281278,281496,ATHL1_NLRP6,TMD_80
chr11,636846,637203,DRD4,TMD_81
chr11,1310494,1310628,TOLLIP,TMD_82
chr11,1310748,1310787,TOLLIP,TMD_83
chr11,1661927,1662031,KRTAP5-6_KRTAP5-5,TMD_84
chr11,31815810,31816259,PAX6_ELP4,TMD_85
chr11,58905378,58905576,GLYATL2_GLYATL1,TMD_86
chr11,61769415,61769723,MYRF_TMEM258,TMD_87
chr11,62444331,62444643,SCGB1A1_AHNAK,TMD_88
chr11,63919655,63919894,RCOR2,TMD_89
chr11,76322032,76322348,WNT11_PRKRIR,TMD_90
chr11,77039610,77039900,CAPN5_B3GNT6,TMD_91
chr11,94867437,94867593,AMOTL1_CWC15,TMD_92
chr11,125166486,125166741,PKNOX2_FEZ1,TMD_93
chr11,30585461,30585582,MPPED2Ê,TMD_94
chr11,131910529,131910600,OPCML,TMD_95
chr12,6075235,6075514,ANO2_VWF,TMD_96
chr12,6555180,6555371,IFFO1,TMD_97
chr12,6555638,6555744,IFFO1,TMD_98
chr12,6555890,6556364,IFFO1,TMD_99
chr12,6963339,6963534,PHB2_PTPN6,TMD_100
chr12,24902884,24903457,BCAT1,TMD_101
chr12,33439383,33439602,SYT10,TMD_102
chr12,33439838,33440019,SYT10,TMD_103
chr12,54047491,54047711,HOXC4_HOXC5,TMD_104
chr12,57619711,57619959,SLC26A10,TMD_105
chr12,63150667,63151102,AVPR1A,TMD_106
chr12,65882147,65882322,HMGA2_ENSG00000228144,TMD_107
chr12,69657752,69657934,LRRC10_BEST3,TMD_108
chr12,80919125,80919187,LIN7A_MYF5,TMD_109
chr12,103799993,103800029,NT5DC3_STAB2,TMD_110
chr12,103800133,103800197,NT5DC3_STAB2,TMD_111
chr12,113463473,113463622,LHX5_SDSL,TMD_112
chr12,113464137,113464171,LHX5_SDSL,TMD_113
chr12,113464275,113464499,LHX5_SDSL,TMD_114
chr12,113479599,113479898,LHX5_RBM19,TMD_115
chr12,114402994,114403528,RBM19_TBX5,TMD_116
chr12,114448549,114448814,TBX5_TBX3,TMD_117
chr12,122035274,122035558,MLXIP_BCL7A,TMD_118
chr12,124457139,124457499,NCOR2_ZNF664,TMD_119
chr12,131773905,131774104,MMP17_SFSWAP,TMD_120
chr12,132904700,132905056,CHFR_ZNF605,TMD_121
chr12,24949058,24949159,BCAT1,TMD_122
chr12,65121476,65121678,WIF1,TMD_123
chr13,20946079,20946274,XPO4_LATS2,TMD_124
chr13,24745936,24746157,RNF17_ATP12A,TMD_125
chr13,24746281,24746560,RNF17_ATP12A,TMD_126
chr13,50843351,50843551,RNASEH2B_DLEU1,TMD_127
chr13,52739274,52739487,LECT1,TMD_128
chr13,99955868,99956134,ZIC5_CLYBL,TMD_129
chr13,99997312,99997594,PCCA_ZIC2,TMD_130
chr13,108495649,108495841,MYO16_TNFSF13B,TMD_131
chr13,108495969,108496120,MYO16_TNFSF13B,TMD_132
chr13,110525911,110526052,RAB20_COL4A2,TMD_133
chr13,111893313,111893725,SOX1_TEX29,TMD_134
chr13,112062727,112063125,SOX1,TMD_135
chr13,112782153,112782378,MCF2L_ATP11A,TMD_136
chr13,27968877,27968960,CDX2,TMD_137
chr13,36346455,36346548,SPG20,TMD_138
chr14,20625539,20625748,RNASE12_OR6S1,TMD_139
chr14,54776350,54776707,GCH1_SAMD4A,TMD_140
chr14,56238737,56238785,TMEM260_PELI2,TMD_141
chr14,56798239,56798843,OTX2_TMEM260,TMD_142
chr14,56809049,56809322,OTX2_TMEM260,TMD_143
chr14,59741061,59741184,RTN1_JKAMP,TMD_144
chr14,77025610,77025968,IRF2BPL_VASH1,TMD_145
chr14,92687197,92687518,LGMN_RIN3,TMD_146
chr14,92687724,92687988,LGMN_RIN3,TMD_147
chr14,93056040,93056042,ITPK1_CHGA,TMD_148
chr14,97033237,97033740,VRK1,TMD_149
chr14,100390711,100390944,WARS_BEGAIN,TMD_150
chr14,105284109,105284340,PACS2_BTBD6,TMD_151
chr14,105864223,105864329,TMEM121,TMD_152
chr14,93788894,93788993,PRIMA1,TMD_153
chr15,22964409,22964554,CYFIP1_NIPA2,TMD_154
chr15,29103277,29103526,NDNL2_APBA2,TMD_155
chr15,41495639,41496110,ITPKA_LTK,TMD_156
chr15,41501068,41501302,ITPKA_LTK,TMD_157
chr15,41502802,41503053,ITPKA_LTK,TMD_158
chr15,45135110,45135284,DUOX1_SHF,TMD_159
chr15,52791169,52791408,ONECUT1,TMD_160
chr15,67822046,67822216,PIAS1_SKOR1,TMD_161
chr15,76347350,76347482,ISL2_SCAPER,TMD_162
chr16,11076366,11076546,SOCS1_CIITA,TMD_163
chr16,11233151,11233375,SOCS1_CIITA,TMD_164
chr16,22814288,22814881,HS3ST2,TMD_165
chr16,27228988,27229194,KDM8_NSMCE1,TMD_166
chr16,51156004,51156349,SALL1,TMD_167
chr16,57620289,57620626,GPR56_GPR114,TMD_168
chr16,70737654,70737911,MTSS1L_VAC14,TMD_169
chr16,86287871,86288212,FOXF1_IRF8,TMD_170
chr16,86578761,86578992,FOXL1,TMD_171
chr16,86579316,86579457,FOXL1,TMD_172
chr16,86579589,86579743,FOXL1_FBXO31,TMD_173
chr16,88703445,88703727,CTU2_RNF166,TMD_174
chr16,58463491,58463554,NDRG4,TMD_175
chr17,27540520,27540613,LGALS9_KSR1,TMD_176
chr17,27540719,27540727,LGALS9_KSR1,TMD_177
chr17,36808307,36808664,LHX1_MRM1,TMD_178
chr17,36942478,36942694,AATF_LHX1,TMD_179
chr17,39165372,39165565,PLXDC1_ARL5C,TMD_180
chr17,48544346,48544518,HOXB1_HOXB2,TMD_181
chr17,48544736,48544865,HOXB1_HOXB2,TMD_182
chr17,48754927,48755218,HOXB13_TTLL6,TMD_183
chr17,50469276,50469524,CHAD,TMD_184
chr17,57443192,57443427,MSI2_ENSG00000166329,TMD_185
chr17,58328520,58328675,BZRAP1,TMD_186
chr17,61404804,61404987,TBX4_TBX2,TMD_187
chr17,61451790,61451987,TBX4,TMD_188
chr17,61454733,61454919,TBX4,TMD_189
chr17,64779504,64779729,SMURF2_LRRC37A3,TMD_190
chr17,75487890,75487892,CASKIN2_KIAA0195,TMD_191
chr17,75488000,75488110,CASKIN2_KIAA0195,TMD_192
chr17,75640072,75640244,SMIM6_SMIM5,TMD_193
chr17,75753505,75753724,GALK1_ITGB4,TMD_194
chr17,77373433,77373778,TNRC6C_SEPT9,TMD_195
chr17,79390056,79390201,RBFOX3_ENGASE,TMD_196
chr17,79815775,79815944,CBX8_CBX4,TMD_197
chr17,81025756,81025942,BAIAP2_CHMP6,TMD_198
chr17,82888917,82889090,ZNF750_B3GNTL1,TMD_199
chr17,82889202,82889334,ZNF750_B3GNTL1,TMD_200
chr18,909016,909218,ADCYAP1,TMD_201
chr18,50268570,50268724,CCDC11,TMD_202
chr18,78949408,78949588,SALL3,TMD_203
chr19,641770,641986,FGF22_RNF126,TMD_204
chr19,1210277,1210602,STK11_C19orf26,TMD_205
chr19,1467885,1468077,C19orf25_APC2,TMD_206
chr19,3688011,3688251,CACTIN_PIP5K1C,TMD_207
chr19,5229634,5229887,PTPRS_KDM4B,TMD_208
chr19,10891471,10891532,CARM1_YIPF2,TMD_209
chr19,10891633,10891703,CARM1_YIPF2,TMD_210
chr19,15181568,15181821,ILVBL_NOTCH3,TMD_211
chr19,39264155,39264296,IFNL2,TMD_212
chr19,41499327,41499584,CEACAM21_ATP5SL,TMD_213
chr19,46493754,46493966,CCDC8_PPP5D1,TMD_214
chr19,48735170,48735556,MAMSTR_RASIP1,TMD_215
chr19,57076511,57076538,ZIM2_USP29,TMD_216
chr2,468115,468367,FAM150B_TMEM18,TMD_217
chr2,1040869,1040871,TPO_SNTG2,TMD_218
chr2,1040974,1041007,TPO_SNTG2,TMD_219
chr2,2116598,2116856,PXDN_MYT1L,TMD_220
chr2,5692734,5692953,SOX11,TMD_221
chr2,10331450,10331857,HPCAL1_ODC1,TMD_222
chr2,19350218,19350866,NT5C1B-RDH14_OSR1,TMD_223
chr2,30230708,30230928,LBH,TMD_224
chr2,31580228,31580477,XDH_MEMO1,TMD_225
chr2,31580671,31580926,XDH_MEMO1,TMD_226
chr2,44801816,44802097,SIX3_CAMKMT,TMD_227
chr2,45000612,45000891,SIX2_SIX3,TMD_228
chr2,45004557,45004693,SIX2_SIX3,TMD_229
chr2,47043762,47043779,TTC7A_CALM2,TMD_230
chr2,47043900,47043993,TTC7A_CALM2,TMD_231
chr2,66439219,66439733,ETAA1_MEIS1,TMD_232
chr2,68799906,68800091,ARHGAP25_BMP10,TMD_233
chr2,72920275,72920885,EMX1_SFXN5,TMD_234
chr2,74499264,74499683,MRPL53_LBX2,TMD_235
chr2,85584347,85584732,VAMP5,TMD_236
chr2,85936659,85936919,ST3GAL5_POLR1A,TMD_237
chr2,98823029,98823181,MGAT4A_TSGA10,TMD_238
chr2,104842514,104842734,POU3F3,TMD_239
chr2,104842858,104843001,POU3F3,TMD_240
chr2,104844478,104844803,POU3F3,TMD_241
chr2,106065435,106065782,C2orf40,TMD_242
chr2,113173940,113173989,PSD4,TMD_243
chr2,113276786,113276958,PAX8_PSD4,TMD_244
chr2,130963976,130964318,ARHGEF4_FAM168B,TMD_245
chr2,131034614,131034830,FAM168B_ARHGEF4,TMD_246
chr2,161423935,161424183,SLC4A10_TBR1,TMD_247
chr2,165793968,165794218,GALNT3,TMD_248
chr2,170823080,170823362,GORASP2_GAD1,TMD_249
chr2,172100815,172100923,DLX2_DLX1,TMD_250
chr2,174337530,174337828,SP9_CIR1,TMD_251
chr2,176082294,176082535,KIAA1715_HOXD10,TMD_252
chr2,176091806,176091979,HOXD10_HOXD11_,TMD_253
chr2,176100105,176100308,HOXD10_HOXD11_HOXD12,TMD_254
chr2,176104613,176104885,HOXD10_HOXD11,TMD_255
chr2,176122574,176123118,HOXD9,TMD_256
chr2,176123335,176123515,HOXD8_HOXD9,TMD_257
chr2,176129999,176130335,HOXD8,TMD_258
chr2,176152444,176152662,HOXD1_HOXD4,TMD_259
chr2,176159549,176159688,HOXD1_HOXD4,TMD_260
chr2,197786184,197786353,BOLL,TMD_261
chr2,208406581,208406813,PTH2R,TMD_262
chr2,219448479,219448881,GMPPA_SPEG,TMD_263
chr2,222298537,222298790,PAX3,TMD_264
chr2,222298991,222299175,PAX3,TMD_265
chr2,233060290,233060637,INPP5D,TMD_266
chr2,241882165,241882427,CXXC11,TMD_267
chr2,232633618,232633707,EFHD1,TMD_268
chr20,4822740,4822848,RASSF2A,TMD_269
chr20,25081598,25081833,VSX1,TMD_270
chr20,40969181,40969385,MAFB_TOP1,TMD_271
chr20,50010033,50010192,SNAI1_UBE2V1,TMD_272
chr20,56627071,56627303,TFAP2C,TMD_273
chr20,57390020,57390254,RBM38,TMD_274
chr20,62603877,62604085,GATA5_SLCO4A1,TMD_275
chr21,36696422,36696602,SIM2,TMD_276
chr21,36697196,36697567,SIM2,TMD_277
chr21,36704462,36704653,SIM2_HLCS,TMD_278
chr21,44185013,44185201,C21orf33_ICOSLG,TMD_279
chr22,19765578,19765956,TBX1_C22orf29,TMD_280
chr22,19767183,19767448,TBX1_C22orf29,TMD_281
chr22,20280279,20280448,RTN4R_DGCR6L,TMD_282
chr22,20438412,20438611,SCARF2,TMD_283
chr22,21652304,21652421,PPIL2_SDF2L1,TMD_284
chr22,26050281,26050416,SEZ6L_MYO18B,TMD_285
chr22,27799853,27800150,MN1,TMD_286
chr22,46007845,46008261,PPARA_WNT7B,TMD_287
chr22,46525740,46525932,CELSR1_TRMU,TMD_288
chr22,50548840,50549077,TYMP_SYCE3,TMD_289
chr22,50577928,50578179,CPT1B,TMD_290
chr3,9136446,9136614,RAD18_SRGAP3,TMD_291
chr3,52794515,52794691,ITIH3,TMD_292
chr3,62370444,62370697,FEZF2_PTPRG,TMD_293
chr3,125141549,125142116,HEG1_SLC12A8,TMD_294
chr3,129974607,129974728,TRH,TMD_295
chr3,137765024,137765316,SOX14,TMD_296
chr3,138939663,138939863,PIK3CB_FOXL2,TMD_297
chr3,138940084,138940265,PIK3CB_FOXL2,TMD_298
chr3,147392077,147392581,PLSCR1_ZIC4,TMD_299
chr3,158094327,158094687,VEPH1_SHOX2,TMD_300
chr3,171458160,171458353,SLC2A2_TNIK,TMD_301
chr3,171458454,171458456,SLC2A2_TNIK,TMD_302
chr3,188295081,188295168,TPRG1_LPP,TMD_303
chr3,192408009,192408504,FGF12,TMD_304
chr3,196640742,196640962,NRROS_CEP19,TMD_305
chr3,196660739,196660989,NRROS_CEP19,TMD_306
chr3,50340611,50340770,RASSF1A,TMD_307
chr4,3310274,3310386,RGS12,TMD_308
chr4,8580403,8580763,GPR78,TMD_309
chr4,8858107,8858297,HMX1_CPZ,TMD_310
chr4,8861458,8861732,HMX1_CPZ,TMD_311
chr4,13541900,13542257,RAB28_NKX3-2,TMD_312
chr4,24800039,24800445,SOD3_LGI2,TMD_313
chr4,38671431,38671524,KLF3_TLR10,TMD_314
chr4,38671667,38671669,KLF3_TLR10,TMD_315
chr4,44447507,44447780,KCTD8,TMD_316
chr4,56655130,56655853,HOPX_ARL9,TMD_317
chr4,73998536,73998687,CXCL5,TMD_318
chr4,93834642,93834856,SMARCAD1_ATOH1,TMD_319
chr4,110612859,110613156,PITX2_ENPEP,TMD_320
chr4,139735767,139735915,MGST2_MAML3,TMD_321
chr4,146638834,146639336,POU4F2,TMD_322
chr4,153788339,153788638,SFRP2,TMD_323
chr4,154742893,154743115,LRAT,TMD_324
chr4,157220224,157220543,GRIA2,TMD_325
chr4,190019091,190019295,FRG2_FRG1,TMD_326
chr4,81031194,81031258,BMP3,TMD_327
chr4,153789264,153789386,SFRP2,TMD_328
chr4,83114709,83114830,PLAC8,TMD_329
chr4,80266629,80266758,FGF5,TMD_330
chr5,1876171,1876370,IRX4_NDUFS6,TMD_331
chr5,1877759,1878263,IRX4_NDUFS6,TMD_332
chr5,2149349,2149539,IRX4_IRX2,TMD_333
chr5,5140414,5140596,ADAMTS16,TMD_334
chr5,16179848,16180346,MARCH11,TMD_335
chr5,40681066,40681252,PTGER4_PRKAA1,TMD_336
chr5,73298958,73299150,TMEM174_FOXD1,TMD_337
chr5,73419497,73419688,FOXD1_TMEM174,TMD_338
chr5,76953575,76953986,AGGF1_CRHBP,TMD_339
chr5,135038973,135039179,PITX1,TMD_340
chr5,141421294,141421524,PCDHGA11,TMD_341
chr5,141513254,141513476,PCDHGC5_DIAPH1,TMD_342
chr5,154482492,154482837,HAND1,TMD_343
chr5,168880138,168880349,PANK3_SLIT3,TMD_344
chr5,173245910,173246041,NKX2-5_STC2,TMD_345
chr5,177984393,177984830,PROP1_B4GALT7,TMD_346
chr5,178576722,178577059,PHYKPL_COL23A1,TMD_347
chr5,180467246,180467413,GFPT2_CNOT6,TMD_348
chr5,181059231,181059766,BTNL9_OR2V1,TMD_349
chr5,112737724,112737821,APC,TMD_350
chr5,115816763,115816878,CDO1,TMD_351
chr6,1378416,1378621,FOXF2_FOXQ1,TMD_352
chr6,6003674,6004066,NRN1_FARS2,TMD_353
chr6,10417340,10417545,TFAP2A,TMD_354
chr6,10421138,10421571,GCNT2_TFAP2A,TMD_355
chr6,19691498,19691942,ID4,TMD_356
chr6,30163583,30163837,TRIM10_TRIM15,TMD_357
chr6,32189648,32189910,PBX2,TMD_358
chr6,36285248,36285484,PNPLA1_ETV7,TMD_359
chr6,38715300,38715525,GLO1_DNAH8,TMD_360
chr6,41373668,41374013,FOXP4_NCR2,TMD_361
chr6,41560710,41561220,MDFI_FOXP4,TMD_362
chr6,42104294,42104910,GUCA1A_TAF8,TMD_363
chr6,50850435,50850652,TFAP2B,TMD_364
chr6,56851460,56851739,DST_KIAA1586,TMD_365
chr6,84766369,84766612,TBX18,TMD_366
chr6,84767295,84767566,TBX18,TMD_367
chr6,105986000,105986422,PREP_PRDM1,TMD_368
chr6,137493335,137493724,OLIG3,TMD_369
chr6,142913617,142913681,HIVEP2_GPR126,TMD_370
chr6,142913794,142913930,HIVEP2_GPR126,TMD_371
chr6,150683400,150683591,MTHFD1L_PLEKHG1,TMD_372
chr6,163396939,163397210,PARK2_QKI,TMD_373
chr6,170178999,170179230,DLL1_C6orf70,TMD_374
chr6,3247396,3247517,chr6:3,TMD_376
chr7,351427,351579,PDGFA_FAM20C,TMD_377
chr7,601453,601766,PDGFA_PRKAR1B,TMD_378
chr7,1223944,1224204,ZFAND2A_UNCX,TMD_379
chr7,4819962,4820148,PAPOLB_AP5Z1,TMD_380
chr7,27156798,27157006,HOXA7,TMD_381
chr7,27166405,27166619,HOXA9,TMD_382
chr7,27220510,27220848,EVX1_HOXA13,TMD_383
chr7,27243853,27244057,EVX1_HIBADH,TMD_384
chr7,29563592,29563792,PRR15,TMD_385
chr7,29566025,29566674,WIPF3_PRR15,TMD_386
chr7,35254009,35254373,TBX20,TMD_387
chr7,35257779,35257984,TBX20,TMD_388
chr7,55181179,55181395,LANCL2_EGFR,TMD_389
chr7,67551150,67551268,TYW1,TMD_390
chr7,70646560,70646772,WBSCR17,TMD_391
chr7,72337037,72337298,CALN1,TMD_392
chr7,97732129,97732323,TAC1,TMD_393
chr7,97732435,97732503,TAC1,TMD_394
chr7,122310063,122310297,FEZF1_RNF133,TMD_395
chr7,122310567,122310746,FEZF1_RNF133,TMD_396
chr7,128351787,128351958,RBM28_PRRT4,TMD_397
chr7,128352148,128352385,RBM28_PRRT4,TMD_398
chr7,150958191,150958442,KCNH2_AOC1,TMD_399
chr7,154617885,154618011,PAXIP1_DPP6,TMD_400
chr7,156608149,156608398,SHH_C7orf13,TMD_401
chr7,157005707,157006028,MNX1_NOM1,TMD_402
chr7,157018159,157018379,UBE3C_MNX1,TMD_403
chr7,157018557,157018747,UBE3C_MNX1,TMD_404
chr7,157685586,157685799,DNAJB6_PTPRN2,TMD_405
chr7,97731982,97732134,TAC1,TMD_406
chr7,27096209,27096279,HOXA1,TMD_407
chr7,50304271,50304365,IKZF1,TMD_408
chr8,736980,737150,DLGAP2_TDRP,TMD_409
chr8,737364,737587,DLGAP2_TDRP,TMD_410
chr8,3691972,3692262,NONE,TMD_411
chr8,10731372,10731697,SOX7,TMD_412
chr8,20518066,20518292,LZTS1,TMD_413
chr8,23018512,23018762,RHOBTB2_TNFRSF10B,TMD_414
chr8,23706484,23706813,NKX2-6,TMD_415
chr8,38900207,38900594,PLEKHA2,TMD_416
chr8,54458148,54458303,SOX17,TMD_417
chr8,54466959,54467398,RP1_SOX17,TMD_418
chr8,54470079,54470317,RP1_SOX17,TMD_419
chr8,55989071,55989233,RPS20_LYN,TMD_420
chr8,70034655,70034888,SLCO5A1_PRDM14,TMD_421
chr8,70072034,70072325,PRDM14,TMD_422
chr8,91594959,91595159,SLC26A7_RUNX1T1,TMD_423
chr8,96159711,96159969,GDF6,TMD_424
chr8,98974317,98974773,VPS13B_OSR2,TMD_425
chr8,115667495,115667709,TRPS1,TMD_426
chr8,142586176,142586403,ARC_BAI1,TMD_427
chr8,144050603,144051516,OPLAH_SPATC1,TMD_428
chr8,96494022,96494170,SDC2,TMD_429
chr8,41308713,41308777,SFRP1,TMD_430
chr8,54457811,54457880,SOX17,TMD_431
chr8,123320561,123320682,ATAD2,TMD_432
chr8,20518007,20518128,ch8:20,TMD_433
chr9,1042341,1042870,DMRT2_DMRT3,TMD_434
chr9,13323139,13323351,MPDZ_NFIB,TMD_435
chr9,14346834,14347128,NFIB_ZDHHC21,TMD_436
chr9,19788616,19788772,SLC24A2,TMD_437
chr9,19789007,19789198,SLC24A2,TMD_438
chr9,27690518,27690700,C9orf72_LINGO2,TMD_439
chr9,36986086,36986754,PAX5_MELK,TMD_440
chr9,36986901,36987144,PAX5_MELK,TMD_441
chr9,97853977,97854388,FOXE1,TMD_442
chr9,117744892,117745189,TLR4,TMD_443
chr9,124016065,124016323,NEK6_LHX2,TMD_444
chr9,124503413,124503621,NR5A1_GPR144,TMD_445
chr9,129888368,129888598,USP20_FNBP1,TMD_446
chr9,129888745,129888845,USP20_FNBP1,TMD_447
chr9,130896111,130896371,QRFP,TMD_448
chr9,132587027,132587206,GTF3C4_BARHL1,TMD_449
chr9,136534110,136534227,SEC16A_NOTCH1,TMD_450
chr9,21974678,21974780,CDKN2A,TMD_451
